{"cameraMode":{"drawMode":0,"name":"Shaded","section":"Shading Mode"},"sceneLighting":true,"audioPlay":false,"sceneViewState":{"m_AlwaysRefresh":false,"showFog":true,"showSkybox":true,"showFlares":true,"showImageEffects":true,"showParticleSystems":true,"showVisualEffectGraphs":true,"m_FxEnabled":true},"in2DMode":false,"pivot":{"x":1194.053466796875,"y":772.6383666992188,"z":67.0831298828125},"rotation":{"x":0.05428135395050049,"y":0.00748444814234972,"z":-0.00040675097261555493,"w":0.9984962344169617},"size":1015.3441162109375,"orthographic":false}