{
    "desireNumber": [
        47.0,
        47.0,
        47.0
    ],
    "appearedBugList": [
        {
            "name": 0,
            "position": {
                "x": 768.3675537109375,
                "y": -240.67041015625,
                "z": 0.0
            },
            "nowHp": 2
        },
        {
            "name": 3,
            "position": {
                "x": 2.9656829833984377,
                "y": -6.213487148284912,
                "z": 0.0
            },
            "nowHp": 1
        },
        {
            "name": 3,
            "position": {
                "x": -2.220038414001465,
                "y": -1.5135712623596192,
                "z": 0.0
            },
            "nowHp": 1
        },
        {
            "name": 0,
            "position": {
                "x": 453.9095458984375,
                "y": 370.84210205078127,
                "z": 0.0
            },
            "nowHp": 2
        }
    ],
    "placeCleannessNumber": [
        0.0,
        0.0,
        0.0,
        0.0
    ],
    "isWindowOpen": false,
    "codingProgress": 0.0,
    "leftTime": 200
}